split,benign,malignant
train,0.804822371236981,0.19517762876301897
val,0.8050565535595475,0.19494344644045242
test,0.8050565535595475,0.19494344644045242
overall,0.8048926610084872,0.19510733899151272
